Субъект,Федеральный Округ,26.03,27.03,28.03,29.03,30.03,31.03,01.04,02.04,03.04,04.04,05.04,06.04,07.04,08.04,09.04,10.04,11.04,12.04,13.04,14.04,15.04,16.04,17.04,18.04,19.04,20.04,21.04,22.04,23.04,24.04,25.04,26.04,27.04,28.04,29.04,30.04,01.05,02.05,03.05,04.05,05.05,06.05,07.05,08.05,09.05,10.05,11.05,12.05,13.05,14.05,15.05,16.05,17.05,18.05,19.05,20.05,21.05,22.05,23.05,24.05,25.05,26.05,27.05,28.05,29.05,30.05,31.05,01.06,02.06,03.06,04.06,05.06,06.06,07.06
Республика Адыгея,Южный,0,0,0,0,0,0,0,0,0,0,0,0,0,0,0,0,0,0,0,0,0,1,2,2,2,2,2,3,3,3,3,3,3,3,3,3,3,5,6,6,7,7,7,7,7,7,7,7,8,8,8,8,8,8,8,8,8,8,9,9,9,9,9,9,9,9,9,9,9,9,9,9,10,10
Республика Алтай,Сибирский,0,0,0,0,0,0,0,0,0,0,0,0,0,0,0,0,0,0,0,0,0,0,0,0,0,0,0,0,0,0,0,0,0,0,0,0,0,0,0,0,0,0,0,0,0,0,0,0,0,0,0,0,0,0,0,0,0,0,0,0,0,0,0,0,0,0,0,0,0,0,0,0,0,0
Алтайский Край,Сибирский,0,0,0,0,0,0,0,0,0,0,0,0,0,0,0,0,0,0,0,0,0,0,0,0,0,0,0,0,0,0,1,2,1,1,1,1,1,1,1,2,3,3,3,3,3,3,3,3,3,3,3,3,3,3,4,6,7,7,7,7,7,9,10,10,12,12,12,12,12,12,13,13,14,14
Амурская Область,Дальневосточный,0,0,0,0,0,0,0,0,0,0,0,0,0,0,0,0,0,0,0,0,0,0,0,0,0,0,0,0,0,0,0,0,0,0,0,1,1,1,1,1,1,1,1,1,1,1,1,1,1,1,1,1,1,1,1,1,1,1,1,5,5,5,5,5,5,5,5,5,5,5,5,5,5,5
Архангельская Область,Северо-Западный,0,0,0,0,0,0,0,0,0,0,0,0,0,0,0,0,0,0,0,0,0,0,0,0,0,1,1,1,1,1,1,1,1,1,1,1,5,1,1,1,1,1,1,1,1,3,3,3,3,3,3,3,3,3,4,4,4,4,4,4,4,4,5,5,5,5,5,5,7,7,8,9,9,9
Астраханская Область,Южный,0,0,0,0,0,0,0,0,0,0,0,0,0,0,0,0,0,0,0,0,1,3,3,3,3,3,3,3,3,3,4,4,4,4,4,4,4,4,4,4,6,6,6,6,6,6,6,7,7,7,7,7,7,7,7,7,7,8,8,10,11,11,12,15,15,15,15,16,19,19,19,20,22,22
Республика Башкортостан,Приволжский,0,0,0,0,0,0,0,0,0,0,0,0,0,0,0,0,0,1,1,3,5,5,8,8,10,14,14,14,14,14,14,14,14,14,14,14,14,14,14,14,14,14,14,14,15,15,15,16,16,16,16,17,17,17,17,18,18,18,18,18,18,18,18,18,18,18,18,18,18,18,18,18,18,18
Белгородская Область,Центральный,0,0,0,0,0,0,0,0,0,0,0,0,0,0,0,0,0,0,0,0,1,2,2,2,2,2,2,2,2,2,2,2,2,3,3,4,5,5,5,5,5,5,6,6,6,6,6,8,8,8,9,9,9,9,11,12,12,12,12,13,15,15,15,15,18,18,19,19,20,22,22,22,25,27
Брянская Область,Центральный,0,0,0,0,0,0,0,0,0,0,0,0,0,0,0,0,0,0,0,0,0,0,1,1,1,1,1,1,2,2,2,3,4,4,4,8,9,9,9,12,12,12,12,17,17,17,22,29,30,30,30,30,30,30,30,31,31,31,31,31,31,31,31,31,31,31,31,31,31,31,31,31,31,31
Республика Бурятия,Дальневосточный,0,0,0,0,0,0,0,0,0,0,0,0,1,1,1,1,1,1,1,1,2,2,2,2,2,2,2,2,2,2,2,2,2,2,2,3,4,4,4,4,4,4,4,4,5,5,5,5,5,5,6,6,6,6,6,6,6,6,6,7,7,7,8,8,10,10,10,10,10,10,10,10,11,11
Владимирская Область,Центральный,0,0,0,0,0,1,1,1,1,1,1,1,1,1,1,1,1,1,1,2,2,5,5,5,5,5,5,5,5,5,5,5,5,5,5,5,7,7,7,12,12,12,12,12,13,15,15,15,15,15,15,15,15,15,15,15,15,15,16,16,16,17,17,18,20,21,21,21,24,27,27,30,30,30
Волгоградская Область,Южный,0,0,0,0,0,0,0,0,0,0,0,0,0,0,0,0,0,0,0,0,0,0,0,1,1,1,1,2,2,3,5,6,8,8,8,8,8,9,10,12,12,12,12,12,12,12,12,12,13,13,13,14,13,13,13,13,13,13,14,15,15,16,16,16,18,18,19,20,20,20,20,21,21,23
Вологодская Область,Северо-Западный,0,0,0,0,0,0,0,0,0,0,0,0,0,0,0,0,0,0,0,0,0,0,0,0,0,0,0,0,0,0,0,0,0,0,0,0,0,0,0,0,0,1,1,1,1,1,1,1,1,2,2,2,3,3,3,3,3,3,4,4,4,4,5,5,7,7,7,7,7,11,11,11,11,11
Воронежская Область,Центральный,0,0,0,0,0,0,0,0,0,0,0,0,0,0,0,0,0,0,0,1,1,1,1,5,5,5,6,7,7,7,8,8,8,8,8,9,9,9,9,11,12,12,12,12,12,12,12,12,12,12,12,13,13,13,13,13,13,13,14,14,14,14,14,15,15,15,15,15,16,16,16,16,16,16
Республика Дагестан,Северо-Кавказский,0,0,0,0,0,0,0,0,0,0,0,0,0,0,0,0,0,0,0,0,3,6,9,9,9,9,11,11,11,11,11,11,11,11,12,12,12,12,13,13,14,15,16,17,18,18,20,23,26,26,27,27,29,29,32,36,41,65,70,84,97,118,130,151,201,226,235,260,271,287,287,288,298,303
Еврейская АО,Дальневосточный,0,0,0,0,0,0,0,0,0,0,0,0,0,0,0,0,0,0,0,0,0,0,0,0,0,0,0,0,0,0,0,0,0,0,0,0,0,0,0,0,0,0,0,0,1,1,1,1,1,1,2,2,2,2,2,2,2,2,2,2,2,3,3,3,3,3,3,3,3,4,4,4,4,4
Забайкальский Край,Дальневосточный,0,0,0,0,0,0,0,0,0,0,0,0,0,0,0,0,0,0,0,0,0,0,0,0,0,0,0,0,0,0,0,0,0,0,0,0,0,0,0,0,0,0,0,0,0,0,0,1,1,1,2,3,4,5,6,7,7,10,12,12,12,14,17,17,18,19,20,20,21,22,24,26,27,27
Ивановская Область,Центральный,0,0,0,0,0,0,0,0,0,0,0,0,0,0,0,0,0,0,0,0,0,0,0,1,1,2,2,2,2,2,2,2,2,2,2,3,3,3,4,5,6,7,7,7,10,10,11,12,12,12,13,13,13,13,15,16,16,16,17,17,17,18,18,18,18,18,18,18,18,18,20,20,22,22
Республика Ингушетия,Северо-Кавказский,0,0,0,0,0,0,0,0,0,0,0,0,0,0,0,0,0,1,1,1,1,2,2,4,5,5,9,12,13,13,13,13,17,18,19,20,22,23,25,26,26,27,28,28,28,29,29,29,32,33,35,35,35,35,35,35,36,38,38,38,41,42,47,50,50,50,50,50,52,58,58,61,61,61
Иркутская Область,Сибирский,0,0,0,0,0,0,0,0,0,0,0,0,1,2,2,2,2,2,2,2,2,2,2,2,2,2,3,3,3,3,3,4,4,4,4,4,4,4,4,4,4,4,4,4,4,4,4,4,4,4,4,4,4,4,4,6,6,8,9,9,9,10,10,10,11,11,11,11,13,14,14,16,16,16
Кабардино-Балкарская Республика,Северо-Кавказский,0,0,0,0,0,0,0,0,0,0,0,0,0,0,0,0,0,0,0,0,0,0,0,0,0,0,1,1,1,1,1,1,1,1,2,2,2,2,2,2,3,3,3,3,3,3,3,4,6,7,7,7,7,7,7,7,8,8,8,8,8,8,12,14,14,16,17,20,21,23,23,27,29,31
Калининградская Область,Северо-Западный,0,0,0,0,0,0,0,0,0,0,0,0,0,0,0,0,1,1,1,1,1,1,1,1,1,1,1,1,1,1,1,3,3,3,3,3,5,6,6,9,11,11,11,11,11,11,11,11,11,11,11,11,11,11,11,11,14,17,18,18,18,21,21,21,24,24,24,24,24,24,24,24,24,24
Республика Калмыкия,Южный,0,0,0,0,0,0,0,0,0,0,0,0,0,0,0,0,0,0,0,0,2,2,3,3,3,3,3,3,3,3,3,3,3,3,3,3,3,4,5,5,5,5,5,5,5,6,6,6,6,6,6,8,8,8,8,10,10,11,11,11,11,12,12,12,14,14,15,15,15,16,16,16,16,16
Калужская Область,Центральный,0,0,0,0,0,0,0,0,0,0,0,0,0,0,0,0,0,0,0,0,0,1,1,2,2,4,6,8,8,8,8,8,8,12,12,12,12,12,12,12,12,12,13,13,14,15,15,15,19,19,19,19,19,19,19,20,21,21,23,26,26,27,29,29,31,31,31,31,32,34,34,34,35,36
Камчатский Край,Дальневосточный,0,0,0,0,0,0,0,0,0,0,0,0,0,0,0,0,0,0,0,0,0,0,0,0,0,0,0,0,0,0,0,0,0,0,0,0,0,0,0,0,0,0,0,0,0,0,0,0,1,1,1,1,1,1,2,2,2,2,2,6,6,6,7,7,8,8,8,8,8,8,8,10,10,10
Карачаево-Черкесская Республика,Северо-Кавказский,0,0,0,0,0,0,0,0,0,0,0,0,0,0,0,0,0,0,0,0,0,0,0,0,0,0,0,0,0,0,0,1,2,2,2,2,2,2,2,2,2,2,2,3,3,3,3,3,3,3,3,4,4,4,4,4,4,4,4,4,4,4,5,5,5,5,5,5,5,5,7,7,7,8
Республика Карелия,Северо-Западный,0,0,0,0,0,0,0,0,0,0,0,0,0,0,0,0,0,0,0,0,0,0,0,0,0,0,0,0,0,0,0,0,0,0,0,0,0,0,0,0,0,0,0,0,0,0,0,0,1,1,1,1,1,1,1,1,1,1,1,1,1,1,1,1,1,1,1,1,1,2,2,2,2,2
Кемеровская Область,Сибирский,0,0,0,0,0,0,0,0,0,0,0,0,0,0,0,0,0,0,0,0,0,0,0,1,1,1,1,1,1,1,1,1,1,2,2,2,2,2,2,4,4,4,4,5,6,6,7,7,7,7,7,7,7,7,7,7,7,7,7,7,7,7,7,7,7,7,7,7,7,7,7,7,7,7
Кировская Область,Приволжский,0,0,0,0,0,0,0,0,0,0,0,0,0,0,0,0,0,0,0,0,0,0,2,2,2,2,2,3,3,3,3,3,3,3,4,4,4,4,4,4,4,4,4,4,4,4,5,5,5,5,5,5,5,5,5,5,6,6,7,8,8,8,10,11,13,15,17,17,17,17,18,18,18,20
Республика Коми,Северо-Западный,0,0,0,0,0,0,0,0,2,2,2,3,3,3,3,3,3,3,3,3,3,3,3,3,3,3,3,4,4,4,4,5,5,5,5,5,5,5,5,7,7,7,11,11,14,14,15,15,16,16,16,17,17,17,18,18,19,19,19,19,19,20,21,22,23,23,24,24,24,25,25,25,26,26
Костромская Область,Центральный,0,0,0,0,0,0,0,0,0,0,1,1,1,1,1,1,1,2,2,2,2,2,2,2,2,2,2,2,2,2,3,3,3,3,3,3,3,3,3,3,3,3,3,3,3,3,3,3,3,3,3,3,3,3,3,6,7,8,8,8,8,8,9,9,9,10,10,11,11,11,11,11,12,12
Краснодарский Край,Южный,0,0,0,0,0,0,0,0,0,0,0,0,1,1,1,3,3,3,3,3,3,3,3,4,5,8,8,11,14,16,18,19,19,19,20,20,20,20,20,21,21,21,21,21,21,22,22,22,22,24,24,24,25,26,26,26,26,26,27,27,28,28,29,29,31,31,32,33,36,38,40,41,42,43
Красноярский Край,Сибирский,0,0,0,0,0,0,0,0,0,0,0,0,0,0,0,0,0,0,0,0,0,0,0,0,0,2,2,2,5,5,5,5,5,7,7,8,9,9,11,11,12,12,12,12,13,14,15,15,15,15,16,18,18,18,20,21,22,25,28,28,28,28,29,29,35,39,39,39,40,43,46,49,49,49
Республика Крым,Южный,0,0,0,0,0,0,0,0,0,0,0,0,0,0,0,0,0,0,0,0,0,0,0,0,0,0,0,0,0,0,0,0,0,0,0,0,0,0,0,0,0,0,1,1,2,2,2,2,2,2,2,2,2,2,2,2,2,3,3,3,3,3,3,3,3,3,3,3,3,4,4,5,5,5
Курганская Область,Уральский,0,0,0,0,0,0,0,0,0,0,0,0,0,0,0,0,0,0,0,0,0,0,0,0,0,0,0,0,0,0,0,0,0,0,0,0,0,0,0,0,0,0,0,0,0,0,0,0,0,0,0,0,0,0,0,0,0,0,0,0,0,0,0,0,0,0,0,0,0,0,0,0,0,0
Курская Область,Центральный,0,0,0,0,0,0,0,0,0,0,0,0,0,0,0,0,0,0,0,0,0,2,2,2,2,2,3,3,3,3,4,4,4,4,4,4,4,4,4,4,4,4,4,6,6,6,6,6,6,6,7,7,7,7,7,7,7,8,8,8,8,9,9,10,10,10,13,13,13,13,15,15,15,16
Ленинградская Область,Северо-Западный,0,0,0,0,0,0,0,0,0,0,0,0,0,0,0,0,0,0,0,0,0,0,0,0,0,0,0,0,0,0,0,0,0,0,1,1,3,3,3,3,3,3,3,4,6,6,6,6,6,6,7,8,8,8,8,8,8,8,8,8,9,11,11,11,11,11,11,11,15,15,15,17,18,18
Липецкая Область,Центральный,0,0,0,0,0,0,0,0,0,0,0,0,0,0,0,0,0,0,0,0,0,0,0,0,1,1,2,2,2,2,2,2,2,4,2,2,2,2,2,2,2,2,2,2,2,3,3,3,3,3,3,3,4,4,4,4,4,4,4,5,5,5,5,5,5,5,6,6,6,7,8,8,8,8
Магаданская Область,Дальневосточный,0,0,0,0,0,0,0,0,0,0,0,0,0,0,0,0,0,0,0,0,0,0,0,0,0,0,0,0,0,0,0,0,0,2,2,2,2,2,2,2,2,2,2,2,2,3,3,3,3,3,3,3,3,3,3,3,3,3,3,3,3,3,3,3,3,3,3,3,3,3,3,3,3,3
Республика Марий Эл,Приволжский,0,0,0,0,0,0,0,0,0,0,0,0,0,0,0,1,1,1,1,1,1,1,1,1,1,1,1,1,1,1,1,3,3,3,2,2,3,3,4,4,4,4,4,4,5,5,5,6,7,7,7,7,7,7,8,8,8,8,8,9,10,10,10,10,11,13,13,13,13,13,13,14,15,15
Республика Мордовия,Приволжский,0,0,0,0,0,0,0,0,0,0,0,0,0,0,0,0,0,0,0,0,0,1,1,1,1,1,1,1,1,2,2,2,2,2,3,3,3,3,3,4,5,5,6,8,8,8,8,8,9,9,9,9,9,9,9,9,9,11,12,12,12,12,12,12,12,12,12,12,13,14,15,15,18,18
Москва,Центральный,2,3,4,6,6,11,16,19,20,27,29,29,31,31,38,50,58,72,82,95,106,113,127,148,176,204,233,261,288,325,366,404,435,479,546,611,658,695,729,764,816,866,905,956,1010,1068,1124,1179,1232,1290,1358,1432,1503,1580,1651,1726,1794,1867,1934,1993,2034,2110,2183,2254,2330,2408,2477,2553,2624,2685,2749,2806,2864,2919
Московская Область,Центральный,0,0,0,0,0,0,1,2,2,2,2,3,8,10,13,13,14,18,19,24,26,33,40,40,49,49,49,56,56,66,69,71,71,74,90,93,109,109,111,111,127,141,156,175,186,195,209,219,226,240,253,262,268,268,271,285,299,312,324,329,340,349,359,380,400,424,449,473,495,515,534,539,557,567
Мурманская Область,Северо-Западный,0,0,0,0,0,0,0,0,0,0,0,0,0,0,0,0,0,0,1,1,1,1,1,2,3,3,3,3,3,4,4,4,4,4,4,4,4,4,4,4,4,4,4,4,4,5,5,5,5,6,6,6,6,6,6,7,7,7,7,7,7,7,7,7,7,7,7,7,7,7,7,7,7,7
Ненецкий АО,Северо-Западный,0,0,0,0,0,0,0,0,0,0,0,0,0,0,0,0,0,0,0,0,0,0,0,0,0,0,0,0,0,0,0,0,0,0,0,0,0,0,0,0,0,0,0,0,0,0,0,0,0,0,0,0,0,0,0,0,0,0,0,0,0,0,0,0,0,0,0,0,0,0,0,0,0,0
Нижегородская Область,Приволжский,0,0,0,0,0,0,0,0,0,0,0,0,0,0,0,1,1,1,4,4,4,4,4,4,4,5,5,6,7,8,8,8,9,9,11,12,14,14,16,16,16,16,23,23,26,29,31,32,35,37,40,42,43,43,45,49,53,57,60,65,65,72,78,84,89,93,98,104,111,116,122,125,131,136
Новгородская Область,Северо-Западный,0,0,0,0,0,0,0,0,0,0,0,0,0,0,0,0,0,0,0,0,0,0,0,1,1,1,1,1,1,1,1,2,2,2,2,2,2,2,2,2,4,5,5,5,5,5,5,5,5,5,5,5,5,5,5,5,5,5,5,5,5,5,6,6,7,8,8,8,8,8,8,9,9,9
Новосибирская Область,Сибирский,0,0,0,0,0,0,0,0,0,0,0,0,0,0,0,0,0,0,0,0,0,1,2,2,3,3,4,4,4,4,4,4,4,4,4,4,5,7,7,9,9,11,12,12,14,15,15,16,16,16,18,20,20,20,22,22,23,25,27,29,29,30,31,31,31,32,32,33,34,34,36,38,40,41
Омская Область,Сибирский,0,0,0,0,0,0,0,0,0,0,0,0,0,0,0,0,0,0,0,0,0,0,0,0,0,0,0,0,0,0,1,2,1,1,2,3,3,3,3,3,3,3,4,6,6,6,7,7,7,7,7,7,7,7,7,7,7,7,16,18,18,18,18,18,18,18,18,18,18,18,18,18,18,18
Оренбургская Область,Приволжский,0,0,0,1,1,1,1,1,1,1,1,1,1,1,1,1,1,1,1,1,1,2,2,2,2,2,2,2,2,2,2,2,2,2,3,3,3,4,4,4,4,4,4,5,5,5,5,5,5,5,5,5,5,5,5,5,5,5,5,5,5,6,6,6,6,6,6,6,7,8,8,8,8,8
Орловская Область,Центральный,0,0,0,0,0,0,0,0,0,0,0,0,0,0,0,0,0,0,0,0,0,0,0,1,1,1,1,2,2,2,2,2,2,2,3,5,5,6,7,7,7,7,7,7,7,9,9,10,10,10,10,10,10,10,10,10,10,10,10,12,12,16,16,18,24,24,25,25,26,27,27,31,32,32
Пензенская Область,Приволжский,0,0,0,0,0,1,1,1,1,1,1,1,1,1,1,1,1,1,1,1,2,2,2,2,5,5,5,5,5,5,6,6,6,7,7,7,7,7,7,8,8,8,8,8,8,8,10,10,10,10,10,10,11,11,12,12,13,13,13,13,15,15,17,17,17,19,19,19,20,22,24,26,26,26
Пермский Край,Приволжский,0,0,0,0,0,0,0,1,2,2,2,2,2,2,3,3,3,3,3,3,3,3,3,3,3,3,3,3,4,4,4,4,4,4,5,7,7,9,9,9,9,9,10,10,11,11,11,12,12,12,13,13,13,13,13,13,13,13,14,14,14,16,19,19,20,20,20,20,22,22,26,27,28,28
Приморский Край,Дальневосточный,0,0,0,0,0,0,0,0,0,0,1,1,2,2,2,2,2,2,2,2,2,2,2,2,2,2,2,2,2,2,2,3,3,3,3,3,4,4,4,4,7,8,10,10,10,10,10,12,12,12,12,12,12,14,14,14,14,14,15,15,15,17,17,17,18,19,19,19,19,19,21,22,22,23
Псковская Область,Северо-Западный,0,0,0,0,1,1,2,2,2,2,2,2,2,2,2,2,2,2,2,2,4,4,4,6,6,6,6,6,6,6,6,7,8,8,8,8,8,8,8,8,8,8,8,8,8,8,8,8,8,8,8,8,9,9,9,9,9,9,9,9,10,10,10,10,10,10,10,10,10,10,10,11,12,12
Ростовская Область,Южный,0,0,0,0,0,0,0,0,0,0,0,0,0,0,0,0,0,0,0,0,0,0,0,0,0,0,0,0,0,0,0,1,2,2,3,6,9,9,9,10,11,12,12,16,19,21,22,24,25,25,25,28,31,31,31,33,33,34,34,34,34,34,34,35,36,38,38,38,40,40,43,43,46,47
Рязанская Область,Центральный,0,0,0,0,0,0,0,0,0,0,0,0,0,0,0,0,0,0,0,0,0,0,0,0,0,0,0,0,0,0,0,0,3,3,3,3,5,5,5,5,5,5,5,5,5,5,5,7,7,7,7,7,7,7,7,7,7,7,7,7,7,7,7,7,7,7,7,7,9,9,10,10,10,10
Самарская Область,Приволжский,0,0,0,0,0,0,0,0,0,0,0,0,0,0,0,0,0,0,0,0,0,0,0,0,0,0,0,0,0,0,0,2,2,5,5,5,5,5,5,5,6,6,8,8,9,9,9,9,9,9,9,9,9,10,11,11,13,14,15,16,16,17,17,18,20,20,20,20,22,23,23,23,25,27
Санкт-Петербург,Северо-Западный,0,0,0,1,1,2,2,2,2,2,2,2,2,2,4,4,4,4,4,4,5,7,7,8,8,8,11,14,17,20,23,27,27,27,29,29,33,33,34,37,37,40,44,48,53,53,56,58,63,69,74,80,85,90,95,99,104,107,113,133,138,150,158,167,178,191,204,213,223,240,264,291,346,377
Саратовская Область,Приволжский,0,0,0,0,0,0,0,0,0,0,0,0,0,0,0,0,0,0,0,0,0,0,0,0,0,0,0,0,0,0,2,2,2,2,2,2,2,3,3,3,3,3,4,4,4,4,5,5,6,6,7,7,8,8,11,12,15,16,18,20,22,25,30,32,34,34,34,34,34,34,34,35,36,36
Республика Саха (Якутия),Дальневосточный,0,0,0,0,0,0,0,0,0,0,0,0,0,0,0,0,0,0,0,0,0,0,0,0,0,0,0,0,0,0,0,0,1,1,2,3,3,3,4,4,4,4,4,4,4,4,4,4,4,4,4,4,4,4,4,5,6,6,6,7,7,7,7,7,8,8,8,8,8,9,9,14,15,15
Сахалинская Область,Дальневосточный,0,0,0,0,0,0,0,0,0,0,0,0,0,0,0,0,0,0,0,0,0,0,0,0,0,0,0,0,0,0,0,0,0,0,0,0,0,0,0,0,0,0,0,0,0,0,0,0,0,0,0,0,0,0,0,0,0,0,0,0,0,0,0,0,0,0,0,0,0,0,0,0,0,0
Свердловская Область,Уральский,0,0,0,0,0,0,0,0,0,0,0,0,0,0,0,0,0,0,0,0,0,0,0,1,1,1,1,1,1,1,1,1,1,1,1,1,1,1,1,1,1,3,3,3,3,3,3,3,3,4,5,6,6,6,7,8,10,12,14,16,18,20,21,23,25,26,27,29,31,33,35,37,39,41
Севастополь,Южный,0,0,0,0,0,0,0,0,0,0,0,0,0,0,0,0,0,0,0,0,0,0,0,0,0,0,0,0,0,0,0,0,0,0,0,0,0,1,2,2,2,2,2,2,2,2,2,2,2,2,2,2,2,2,2,2,2,2,2,2,3,3,3,3,3,3,3,3,3,3,3,3,3,3
Смоленская Область,Центральный,0,0,0,0,0,0,0,0,0,0,0,0,0,0,0,0,0,1,1,1,1,1,2,2,2,2,2,2,2,2,2,2,2,3,3,3,3,3,3,4,5,5,5,5,7,7,7,9,9,10,10,11,11,11,11,12,13,13,13,15,16,21,25,29,30,34,36,39,41,41,41,41,41,42
Республика Северная Осетия — Алания,Северо-Кавказский,0,0,0,0,0,0,0,0,0,0,0,0,0,1,1,1,1,1,2,2,2,2,2,2,2,2,2,2,2,2,2,2,2,2,2,3,4,4,6,6,7,7,9,10,10,10,10,12,13,13,13,15,15,15,15,18,22,22,23,27,27,32,32,37,43,46,46,50,56,57,57,57,57,57
Ставропольский Край,Северо-Кавказский,0,0,0,0,0,0,0,0,0,0,0,0,0,0,0,1,2,2,2,2,2,2,2,2,3,3,4,5,5,5,5,6,6,6,10,14,14,14,15,17,18,20,20,20,20,20,20,21,21,23,26,26,26,28,31,32,34,36,38,38,40,41,42,43,45,46,46,47,47,50,53,56,57,60
Тамбовская Область,Центральный,0,0,0,0,0,0,0,0,0,0,0,0,0,0,0,0,0,0,0,0,0,0,0,0,0,0,0,0,0,0,1,1,1,1,1,2,2,2,2,2,2,2,2,2,2,2,2,2,3,3,3,4,4,4,4,5,5,5,5,6,6,6,6,7,7,7,7,7,8,8,8,8,8,8
Республика Татарстан,Приволжский,0,0,0,0,0,0,0,0,0,0,0,0,0,0,0,0,0,0,0,0,0,0,0,0,0,0,0,0,0,0,0,0,0,0,1,1,1,2,2,3,3,3,4,4,5,5,5,6,6,6,6,7,7,7,8,8,8,8,9,9,9,9,9,10,10,10,10,10,10,10,10,10,10,10
Тверская Область,Центральный,0,0,0,0,0,0,0,0,0,0,0,0,0,0,0,0,0,0,0,0,0,0,0,0,0,0,0,0,0,0,0,1,1,1,1,3,3,3,3,6,8,8,8,8,10,10,10,10,10,10,10,10,10,10,11,11,11,14,15,17,17,17,19,22,22,22,22,22,28,33,37,39,41,41
Томская Область,Сибирский,0,0,0,0,0,0,0,0,0,0,0,0,0,0,0,0,0,0,0,0,0,0,0,0,0,0,0,0,0,0,0,0,0,0,0,0,1,1,1,1,1,1,1,2,2,2,3,3,4,4,4,4,4,4,4,4,4,4,4,9,9,10,10,10,11,11,11,11,11,11,11,11,11,11
Тульская Область,Центральный,0,0,0,0,0,0,0,0,0,0,0,0,0,0,0,0,0,0,0,0,0,0,0,0,0,0,1,2,3,3,4,5,5,5,6,7,7,7,8,8,9,9,10,11,12,12,12,14,14,16,18,19,19,19,19,20,20,20,20,20,20,20,24,30,33,36,36,36,39,42,44,47,49,49
Республика Тыва,Сибирский,0,0,0,0,0,0,0,0,0,0,0,0,0,0,0,0,0,0,0,0,0,0,0,0,0,0,0,0,0,0,0,0,0,0,0,0,0,0,0,0,0,0,0,0,0,0,0,0,1,1,1,1,1,1,1,1,1,1,1,1,1,1,1,2,2,2,2,2,2,2,2,2,2,2
Тюменская Область,Уральский,0,0,0,0,0,0,0,0,0,0,0,0,0,0,0,0,0,0,0,0,1,1,2,2,2,2,2,2,2,2,3,3,3,3,3,3,3,3,3,3,4,4,5,5,5,5,5,6,6,6,6,7,7,7,7,7,7,7,7,7,7,7,7,7,7,8,8,8,8,8,8,10,11,12
Удмуртская Республика,Приволжский,0,0,0,0,0,0,0,0,0,0,0,0,0,0,0,0,0,0,0,0,0,0,3,3,3,3,3,3,3,4,4,4,5,6,6,8,8,9,9,10,10,10,10,11,11,11,12,12,12,12,12,12,12,12,12,12,12,12,12,12,12,12,12,12,12,12,12,12,12,12,12,12,12,12
Ульяновская Область,Приволжский,0,0,0,0,0,0,0,0,0,0,0,0,0,0,0,0,0,0,0,0,0,0,2,2,2,2,2,2,2,3,3,3,4,4,4,4,4,4,4,4,4,4,4,4,4,4,4,4,5,5,5,5,5,5,5,6,6,6,6,6,6,7,7,7,8,8,8,8,10,12,12,12,13,14
Хабаровский Край,Дальневосточный,0,0,0,0,0,0,0,0,0,0,0,0,0,1,1,1,2,2,2,2,2,2,3,4,4,5,5,5,5,5,5,5,5,5,5,5,5,7,7,7,7,7,7,7,7,7,7,7,7,7,7,9,9,9,9,9,9,9,10,10,10,10,10,11,11,11,11,12,12,13,13,15,16,17
Республика Хакасия,Сибирский,0,0,0,0,0,0,0,0,0,0,0,0,0,0,0,0,0,0,0,0,0,0,0,0,0,0,0,0,0,1,2,2,2,7,7,7,7,7,7,7,8,8,8,8,8,8,8,8,9,9,9,10,10,10,10,10,10,10,10,10,10,10,10,10,10,10,10,10,10,10,10,10,10,10
Ханты-Мансийский АО,Уральский,0,0,0,0,0,0,0,0,0,0,0,0,0,0,0,0,0,0,0,0,0,0,0,0,0,0,0,1,1,1,1,1,2,2,2,3,3,3,3,4,4,4,4,4,4,4,4,6,6,6,8,8,9,9,11,12,12,13,15,17,17,17,17,17,17,18,18,18,18,18,18,18,20,20
Челябинская Область,Уральский,0,0,0,0,0,0,0,0,0,0,0,0,0,0,0,0,0,0,0,0,0,0,0,0,0,0,0,0,0,0,0,0,0,0,1,1,1,2,2,3,3,3,3,3,3,4,4,4,4,5,6,6,6,6,9,10,11,11,11,12,12,13,13,14,15,16,16,18,19,20,20,23,26,28
Чеченская Республика,Северо-Кавказский,0,0,0,0,0,0,0,1,1,1,1,1,1,1,1,1,1,3,5,5,5,5,5,5,5,5,5,6,6,6,6,6,6,7,7,7,7,8,8,8,8,8,8,8,8,8,8,9,9,9,9,9,9,10,11,11,11,11,12,12,13,13,13,13,13,13,13,13,13,14,14,14,14,14
Чувашская Республика,Приволжский,0,0,0,0,0,0,0,0,0,0,0,0,0,0,0,0,0,0,0,0,0,1,1,1,1,2,5,5,5,5,7,8,8,8,8,8,8,8,8,8,8,8,8,8,8,8,8,8,8,8,8,8,8,8,8,8,9,9,9,10,11,11,12,12,12,14,14,14,14,14,15,15,16,16
Чукотский АО,Дальневосточный,0,0,0,0,0,0,0,0,0,0,0,0,0,0,0,0,0,0,0,0,0,0,0,0,0,0,0,0,0,0,0,0,0,0,0,0,0,0,0,0,0,0,0,0,0,0,0,0,0,0,0,0,0,0,0,0,0,0,1,1,1,1,1,1,1,1,1,1,1,1,1,1,1,1
Ямало-Ненецкий АО,Уральский,0,0,0,0,0,0,0,0,0,0,0,0,0,0,0,1,1,1,1,1,1,1,1,1,1,1,1,1,1,1,1,1,1,1,1,1,1,1,3,3,3,3,3,3,3,3,3,3,3,3,3,3,3,3,3,5,5,5,5,6,6,6,6,7,9,9,9,10,10,11,11,11,11,11
Ярославская Область,Центральный,0,0,0,0,0,0,0,0,0,0,0,0,0,0,0,0,0,0,0,0,0,0,0,0,0,0,0,0,1,2,2,2,3,3,4,4,5,5,5,5,5,11,11,11,11,11,11,11,11,11,11,11,11,12,12,12,13,13,13,13,13,13,13,13,14,14,14,14,14,14,15,15,15,15
